dataset,eps,FGSM_targeted,FGSM_untargeted,PGD_targeted,PGD_untargeted,clean_accuracy
MNIST,0.05,0.0,0.046875,0.0,0.0625,0.9885
MNIST,0.1,0.0078125,0.14453125,0.01953125,0.21484375,0.9885
MNIST,0.2,0.109375,0.57421875,0.75390625,0.98046875,0.9885
MNIST,0.3,0.4375,0.92578125,1.0,1.0,0.9885
CIFAR-10,0.00784313725490196,0.171875,0.6015625,0.22265625,0.71875,0.7974
CIFAR-10,0.01568627450980392,0.34375,0.85546875,0.71484375,0.94921875,0.7974
CIFAR-10,0.03137254901960784,0.4609375,0.94140625,0.9765625,1.0,0.7974
CIFAR-10,0.06274509803921569,0.5078125,0.984375,1.0,1.0,0.7974
